<?xml version="1.0"?>
<config xmlns:xsi="http://www.w3.org/2001/XMLSchema-instance" xsi:noNamespaceSchemaLocation="urn:magento:framework:Acl/etc/acl.xsd">
    <acl>
        <resources>
            <resource id="Magento_Backend::admin">
                <resource id="Magento_Backend::stores">
                    <resource id="Magento_Backend::stores_settings">
                        <resource id="Magento_Config::config">
                            <resource id="WeltPixel_GoogleTagManager::GoogleTagManagerSettings" title="WeltPixel Google Analytics Enhanced Ecommerce" sortOrder="300" />
                        </resource>
                    </resource>
                </resource>
                <resource id="WeltPixel_Backend::WeltPixel" >
                    <resource id="WeltPixel_GoogleTagManager::GoogleTagManager_Label" sortOrder="60" title="Google Analytics Enhanced Ecommerce" >
                        <resource id="WeltPixel_GoogleTagManager::GoogleTagManager" sortOrder="10" title="Google Analytics Enhanced Ecommerce Settings" />
                    </resource>
                </resource>
            </resource>
        </resources>
    </acl>
</config>
