<?xml version="1.0"?>
<config xmlns:xsi="http://www.w3.org/2001/XMLSchema-instance" xsi:noNamespaceSchemaLocation="urn:magento:framework:Module/etc/module.xsd">
    <module name="WeltPixel_GoogleTagManager" setup_version="1.0.0" >
        <sequence>
            <module name="WeltPixel_Backend"/>
            <module name="Magento_Backend"/>
            <module name="Magento_Theme"/>
            <module name="Magento_Checkout"/>
            <module name="Magento_Catalog"/>
            <module name="Magento_Sales"/>
        </sequence>
    </module>
</config>
