<?xml version="1.0"?>
<config xmlns:xsi="http://www.w3.org/2001/XMLSchema-instance" xsi:noNamespaceSchemaLocation="urn:magento:framework:Event/etc/events.xsd">
    <event name="core_layout_render_element">
        <observer name="weltpixel_googletagmanager" instance="WeltPixel\GoogleTagManager\Observer\CoreLayoutRenderElementObserver" />
    </event>
    <event name="checkout_cart_add_product_complete">
        <observer name="weltpixel_googletagmanager" instance="WeltPixel\GoogleTagManager\Observer\CheckoutCartAddProductObserver" />
    </event>
    <event name="sales_quote_remove_item">
        <observer name="weltpixel_googletagmanager" instance="WeltPixel\GoogleTagManager\Observer\SalesQuoteRemoveItemObserver" />
    </event>
    <event name="wishlist_add_product">
        <observer name="weltpixel_googletagmanager" instance="WeltPixel\GoogleTagManager\Observer\WishListAddProductObserver" />
    </event>
    <event name="catalog_product_compare_add_product">
        <observer name="weltpixel_googletagmanager" instance="WeltPixel\GoogleTagManager\Observer\CompareAddProductObserver" />
    </event>
</config>