<?xml version="1.0" ?>
<config xmlns:xsi="http://www.w3.org/2001/XMLSchema-instance" xsi:noNamespaceSchemaLocation="urn:magento:module:Magento_Cron:etc/crontab.xsd">
	<group id="yotpo_yotpo">
		<job name="yotpo_yotpo_orders_sync" instance="Yotpo\Yotpo\Cron\Jobs" method="ordersSync">
            <schedule>* * * * *</schedule>
        </job>
		<job name="yotpo_yotpo_update_metadata" instance="Yotpo\Yotpo\Cron\Jobs" method="updateMetadata">
            <schedule>30 2 * * *</schedule>
        </job>
	</group>
</config>
