<?xml version="1.0"?>
<!--
/**
 * Copyright © Karliuka Vitalii(karliuka.vitalii@gmail.com)
 * See COPYING.txt for license details.
 */
-->
<config xmlns:xsi="http://www.w3.org/2001/XMLSchema-instance"
    xsi:noNamespaceSchemaLocation="urn:magento:framework:ObjectManager/etc/config.xsd">
    <!-- config checkout -->
    <type name="Magento\Checkout\Model\CompositeConfigProvider">
        <arguments>
            <argument name="configProviders" xsi:type="array">
                <item name="faonni_recaptcha" xsi:type="object">Faonni\ReCaptcha\Model\Checkout\ConfigProvider</item>
            </argument>
        </arguments>
    </type>
</config>
