<?xml version="1.0"?>
<config xmlns:xsi="http://www.w3.org/2001/XMLSchema-instance" xsi:noNamespaceSchemaLocation="urn:magento:framework:Module/etc/module.xsd">
    <module name="Yotpo_Yotpo" setup_version="2.9.0">
        <sequence>
            <module name="Magento_Backend" />
            <module name="Magento_Catalog" />
            <module name="Magento_Checkout" />
            <module name="Magento_Config" />
            <module name="Magento_GroupedProduct" />
            <module name="Magento_Reports" />
            <module name="Magento_Review" />
            <module name="Magento_Sales" />
            <module name="Magento_Store" />
        </sequence>
    </module>
</config>
